ALU.PA,Alcatel-Lucent,1,1,0.1
FTE.PA,France Telecom,1,1,0.1
TMS.PA,Technicolor,1,1,0.1
CS.PA,AXA SA,1,1,0.1
ACA.PA,Credit Agricole,1,1,0.1
TEO.PA,Theolia SA,1,1,0.1
FP.PA,Total SA,1,1,0.1
KN.PA,Natixis,1,1,0.1
GLE.PA,Societe Generale,1,1,0.1
BNP.PA,BNP Paribas SA,1,1,0.1
STM.PA,Stmicroelectronics,1,1,0.1
VIV.PA,Vivendi,1,1,0.1
GSZ.PA,GDF Suez,1,1,0.1
SAN.PA,Sanofi-Aventis SA,1,1,0.1
SGO.PA,Saint Gobain,1,1,0.1
CA.PA,Carrefour SA,1,1,0.1
EAD.PA,Eads,1,1,0.1
BN.PA,Danone S.A.,1,1,0.1
UG.PA,Peugeot SA,1,1,0.1
DG.PA,Vinci SA,1,1,0.1
AF.PA,Air France-KLM,1,1,0.1
ALO.PA,Alstom SA,1,1,0.1
RNO.PA,Renault SA,1,1,0.1
VIE.PA,Veolia Environnement SA,1,1,0.1
LG.PA,Lafarge SA,1,1,0.1
EDF.PA,Electricite de France,1,1,0.1
EN.PA,Bouygues SA,1,1,0.1
RHA.PA,RHODIA RGPT,1,1,0.1
COX.PA,Nicox,1,1,0.1
GET.PA,GP EUROTUNNEL RGPT,1,1,0.1
CAP.PA,Cap Gemini SA,1,1,0.1
GA.PA,CGG Veritas,1,1,0.1
AC.PA,Accor SA,1,1,0.1
SOI.PA,Soitec,1,1,0.1
SU.PA,Schneider Electric SA,1,1,0.1
MC.PA,LVMH,1,1,0.1
UBI.PA,UBI Soft Entert.,1,1,0.1
SEV.PA,SUEZ ENV. CPY,1,1,0.1
SAF.PA,SAFRAN SA,1,1,0.1
OR.PA,Oreal (L'),1,1,0.1
HAV.PA,Havas Sa,1,1,0.1
AI.PA,Air Liquide SA,1,1,0.1
VK.PA,Vallourec SA,1,1,0.1
BNS.PA,Beni Stabili SpA,1,1,0.1
PAJ.PA,Pages Jaunes,1,1,0.1
FR.PA,Valeo SA,1,1,0.1
ML.PA,Michelin,1,1,0.1
SESG.PA,SES SA,1,1,0.1
RI.PA,Pernod Ricard SA,1,1,0.1
PUB.PA,Publicis Groupe SA,1,1,0.1
EF1.PA,Essilor Intl,1,1,0.1
TFI.PA,Television Francaise 1 (TF1),1,1,0.1
TEC.PA,Technip SA,1,1,0.1
LR.PA,LeGrand Holding SA,1,1,0.1
EADT.PA,ADT SIIC,1,1,0.1
BULL.PA,Bull SA,1,1,0.1
MAU.PA,Maurel Et Prom,1,1,0.1
ALT.PA,Altran technologies SA,1,1,0.1
MFG.PA,Montaigne Fashion Group,1,1,0.1
HO.PA,Thales (Ex Thomson Csf),1,1,0.1
ETL.PA,Eutelsat Communications SA,1,1,0.1
SCR.PA,SCOR SA,1,1,0.1
UL.PA,Unibail-Rodamco,1,1,0.1
MMB.PA,Lagardere,1,1,0.1
ROD.PA,Rodriguez Group SA,1,1,0.1
CNP.PA,CNP Assurances,1,1,0.1
LI.PA,Klepierre,1,1,0.1
SW.PA,Sodexo SA,1,1,0.1
DBG.PA,Derichebourg,1,1,0.1
JXR.PA,Archos SA,1,1,0.1
CSAR.PA,CESAR RGRPT,1,1,0.1
AKE.PA,Arkema SA,1,1,0.1
PP.PA,PPR SA,1,1,0.1
EO.PA,Faurecia SA,1,1,0.1
DSY.PA,Dassault Systemes,1,1,0.1
DPT.PA,ST Dupont SA,1,1,0.1
ATO.PA,Atos Origin SA,1,1,0.1
GTO.PA,Gemalto N.V.,1,1,0.1
HIM.PA,Hi Media,1,1,0.1
RXL.PA,REXEL,1,1,0.1
MMT.PA,M6 Metropole Television,1,1,0.1
RCF.PA,Teleperformance SA,1,1,0.1
ARE.PA,Groupe Ares SA,1,1,0.1
ZC.PA,Zodiac Aerospace,1,1,0.1
CO.PA,Casino Guichard Perrachon SA,1,1,0.1
BVI.PA,BUREAU VERITAS,1,1,0.1
DGM.PA,Diagnostic Medical Systems,1,1,0.1
DEC.PA,JC Decaux SA,1,1,0.1
CU.PA,Club Mediterranee,1,1,0.1
CIB.PA,Cibox Interactive SA,1,1,0.1
NEX.PA,Nexans SA,1,1,0.1
HBW.PA,Hubwoo,1,1,0.1
IPN.PA,Ipsen SA,1,1,0.1
GBB.PA,Bourbon SA,1,1,0.1
MLPVG.PA,GROUPE PLUS-VALUES,1,1,0.1
12038.PA,Recylex SA,1,1,0.1
SBT.PA,Oeneo SA,1,1,0.1
GECP.PA,Geci Intl,1,1,0.1
908808.PA,GFI Informatique SA,1,1,0.1
NEO.PA,Neopost SA,1,1,0.1
SPH.PA,Sinclair Pharma,1,1,0.1
BNA.PA,Bci Navigation,1,1,0.1
AVT.PA,Avenir Telecom,1,1,0.1
MF.PA,Wendel,1,1,0.1
CDI.PA,Christian Dior SA,1,1,0.1
PARP.PA,Groupe Partouche SA,1,1,0.1
ILD.PA,ILIAD SA,1,1,0.1
RSC.PA,RISC GROUP REGPT.,1,1,0.1
AN.PA,Canal +,1,1,0.1
FGR.PA,Eiffage SA,1,1,0.1
PONY.PA,Poncin Yachts,1,1,0.1
ALAUP.PA,AUPLATA,1,1,0.1
GFT.PA,Gameloft SA,1,1,0.1
SK.PA,SEB SA,1,1,0.1
NXI.PA,Nexity,1,1,0.1
ALRAI.PA,GECI AVIATION,1,1,0.1
SAFT.PA,Saft Groupe SA,1,1,0.1
RMS.PA,Hermes International,1,1,0.1
MUN.PA,MICROPOLE,1,1,0.1
ADP.PA,Aeroports de Paris SA,1,1,0.1
NK.PA,Imerys SA,1,1,0.1
ALEHT.PA,Exonhit Therapeutics SA,1,1,0.1
RIA.PA,Steria (Groupe),1,1,0.1
ING.PA,Ingenico SA,1,1,0.1
EEN.PA,EDF Energies Nouvelles SA,1,1,0.1
MDL.PA,ModeLabs SA,1,1,0.1
10120346.PA,TNU -S-,1,1,0.1
NTG.PA,Netgem SA,1,1,0.1
RF.PA,Eurazeo SA,1,1,0.1
0010060665.PA,ModeLabs SA,1,1,0.1
BB.PA,BIC,1,1,0.1
RX.PA,Recylex SA,1,1,0.1
IPS.PA,Ipsos SA,1,1,0.1
FDR.PA,Fonciere des Regions,1,1,0.1
BIM.PA,Biomerieux Inc,1,1,0.1
GFC.PA,GECINA SA,1,1,0.1
VOR.PA,Sequana,1,1,0.1
MLDSH.PA,SMALTO,1,1,0.1
FPG.PA,Uti (Union Techn Inform,1,1,0.1
6491.PA,La Perla World,1,1,0.1
RCO.PA,Remy Cointreau,1,1,0.1
MERY.PA,Mercialys Promesse,1,1,0.1
VLS.PA,VIVALIS,1,1,0.1
ICAD.PA,ICADE SA,1,1,0.1
CRI.PA,Chargeurs SA,1,1,0.1
GNG.PA,Ginger SA,1,1,0.1
03508.PA,ICADE SA,1,1,0.1
ATE.PA,Alten SA,1,1,0.1
BST.PA,Bac Majestic,1,1,0.1
BEN.PA,Beneteau SA,1,1,0.1
7668.PA,Overlap Groupe,1,1,0.1
SECH.PA,Sechilienne Sidec,1,1,0.1
EUR.PA,Euro Ressources SA,1,1,0.1
ALADO.PA,Adomos,1,1,0.1
ORP.PA,Orpea SA,1,1,0.1
ERA.PA,Eramet SA,1,1,0.1
AL185.PA,1855 SA,1,1,0.1
DAN.PA,Dane Elec Memory,1,1,0.1
RAL.PA,Rallye SA,1,1,0.1
CBD.PA,Cyberdeck SA,1,1,0.1
ALIDA.PA,Loyaltouch S.A.,1,1,0.1
CRL.PA,Mersen S.A.,1,1,0.1
RIB.PA,Riber SA,1,1,0.1
IFG.PA,INFOGRAMES ENT.RGPT,1,1,0.1
PIG.PA,Haulotte Group,1,1,0.1
METEX.PA,METABOLIC EXPL.,1,1,0.1
ORC.PA,Orco Property Group SA,1,1,0.1
CER.PA,Cerep SA,1,1,0.1
OLV.PA,Solving Efeso International S.A.,1,1,0.1
ERF.PA,Eurofins Scientific SA,1,1,0.1
EDL.PA,EURO DISNEY RGPT,1,1,0.1
ABCA.PA,ABC Arbitrage S.A.,1,1,0.1
VCT.PA,Vicat SA,1,1,0.1
LAX.PA,Stelax,1,1,0.1
GFI.PA,GFI Informatique SA,1,1,0.1
LSS.PA,Lectra SA,1,1,0.1
ALHYG.PA,HYBRIGENICS A-,1,1,0.1
ALDV.PA,Alliance Developpement Capital,1,1,0.1
ALVER.PA,VERGNET,1,1,0.1
APR.PA,April Group SA,1,1,0.1
ELE.PA,Euler Hermes SA,1,1,0.1
ACAN.PA,Acanthe Developpement SA,1,1,0.1
BIO.PA,BioAlliance Pharma SA,1,1,0.1
CES.PA,Cameleon Software S.A.,1,1,0.1
MLATP.PA,ATI PETROLEUM,1,1,0.1
ARR.PA,Société des Autoroutes Paris-Rhin-Rhône,1,1,0.1
ZIF.PA,Zublin Immobiliere France,1,1,0.1
IPH.PA,Innate Pharma,1,1,0.1
POM.PA,Plastic Omnium SA,1,1,0.1
LTA.PA,Altamir Amboise SA,1,1,0.1
CMA.PA,Ciments Francais SA,1,1,0.1
SIL.PA,Silic SA,1,1,0.1
NOV.PA,ANOVO REGPT.,1,1,0.1
BRS.PA,Boursorama SA,1,1,0.1
OMA.PA,CORN,1,1,0.1
LAC.PA,LACIE SA,1,1,0.1
SQI.PA,SQLI,1,1,0.1
DLT.PA,Dalet SA,1,1,0.1
ALITS.PA,International Technologie Selection SA,1,1,0.1
MLEUP.PA,Europlasma,1,1,0.1
TRI.PA,Trigano SA,1,1,0.1
LTE.PA,Valtech SA,1,1,0.1
RUI.PA,Rubis,1,1,0.1
TNG.PA,Transgene SA,1,1,0.1
ALEGR.PA,SafeTIC S.A.,1,1,0.1
ECP.PA,EUROPACORP,1,1,0.1
MTU.PA,Manitou,1,1,0.1
GENP.PA,Stallergenes,1,1,0.1
LEY.PA,Faiveley Transport S.A.,1,1,0.1
SPR.PA,Sperian Protection SA,1,1,0.1
FFP.PA,FFP,1,1,0.1
ASY.PA,Assystem,1,1,0.1
AVQ.PA,Avanquest Software S.A.,1,1,0.1
OMT.PA,OUTREMER TELECOM,1,1,0.1
GENX.PA,GENERIX RGPT,1,1,0.1
PARRO.PA,Parrot,1,1,0.1
CV.PA,ZCI,1,1,0.1
LAT.PA,Latecoere SA,1,1,0.1
SLG.PA,SeLoger.com,1,1,0.1
MLION.PA,LIONAX INTL INVT,1,1,0.1
UDIS.PA,U10 SA,1,1,0.1
ESRP.PA,Esr (Expertise System Res),1,1,0.1
MLMAN.PA,Mandriva SA,1,1,0.1
MLGLO.PA,Global Interface SA,1,1,0.1
IME.PA,La Perla World,1,1,0.1
SESL.PA,Store Electronic Systems,1,1,0.1
GUI.PA,Guillemot Corporation,1,1,0.1
MEMS.PA,MEMSCAP SA,1,1,0.1
DIM.PA,Sartorius Stedim Biotech SA,1,1,0.1
IMS.PA,IMS Int Met Serv,1,1,0.1
CDA.PA,Compagnie des Alpes (CDA),1,1,0.1
ALNBT.PA,NetBooster,1,1,0.1
MLBRS.PA,** SEE<ALBRS.PA>,1,1,0.1
UMS.PA,Umanis,1,1,0.1
ALODI.PA,Societe O2I,1,1,0.1
NRG.PA,NRJ Group SA,1,1,0.1
RAN.PA,Systran SA,1,1,0.1
DVT.PA,Devoteam SA,1,1,0.1
TAM.PA,Etam Developpement,1,1,0.1
MON.PA,Montupet Sa,1,1,0.1
VAC.PA,Pierre & Vacances,1,1,0.1
IFV.PA,InfoVista SA,1,1,0.1
MLHAP.PA,HAPPYDOO,1,1,0.1
MLASM.PA,ASIA MINING (HK),1,1,0.1
SWP.PA,Sword Group SA,1,1,0.1
SOFC.PA,Gecimed,1,1,0.1
EBI.PA,Ebizcuss.com,1,1,0.1
RDC.PA,Rue du Commerce SA,1,1,0.1
OTO.PA,Otor,1,1,0.1
ALEFT.PA,eFront,1,1,0.1
KOF.PA,Kaufman & Broad SA,1,1,0.1
RIN.PA,Vilmorin et Cie,1,1,0.1
FLO.PA,Flo (Groupe),1,1,0.1
ADI.PA,Audika SA,1,1,0.1
ALCBO.PA,CBo Territoria S.A.,1,1,0.1
IEC.PA,IEC Professionnel Media,1,1,0.1
EIFF.PA,Tour Eiffel,1,1,0.1
PRC.PA,Artprice.com SA,1,1,0.1
BIG.PA,Bigben Interactive,1,1,0.1
VIL.PA,Viel Et Cie,1,1,0.1
BON.PA,Bonduelle SA,1,1,0.1
MLTMT.PA,CHINA TREASURE,1,1,0.1
ITP.PA,Inter Parfums SA,1,1,0.1
MEET.PA,Meetic SA,1,1,0.1
MED.PA,Medasys SA,1,1,0.1
BSD.PA,Bourse Direct SA,1,1,0.1
MLLOG.PA,Logic Instrument,1,1,0.1
VIRP.PA,Virbac,1,1,0.1
MLNSB.PA,Naseba Group,1,1,0.1
LVL.PA,LVL Medical Groupe SA,1,1,0.1
CRBP2.PA,CRCAM BRIE PIC2CCI,1,1,0.1
ALALO.PA,HT.LOUER.FR,1,1,0.1
CAPLI.PA,Capelli,1,1,0.1
MLFMB.PA,FMB-AQUAPOLE,1,1,0.1
BOI.PA,Boiron SA,1,1,0.1
GLO.PA,GL Events SA,1,1,0.1
MFC.PA,Maisons France Confort SA,1,1,0.1
SOP.PA,Sopra Group,1,1,0.1
PSY.PA,Parsys SA,1,1,0.1
AURE.PA,Aurea (Auer),1,1,0.1
ALMAX.PA,Maximiles,1,1,0.1
ALTMG.PA,The Marketingroup,1,1,0.1
MLLAR.PA,STRATEGECO SOLAR,1,1,0.1
HIO.PA,Hiolle Industries,1,1,0.1
IML.PA,Affine SA,1,1,0.1
ALGEN.PA,GENOWAY,1,1,0.1
ALADM.PA,ADTHINK MEDIA N.,1,1,0.1
ALWOO.PA,Safwood SpA,1,1,0.1
403824.PA,Risc Group,1,1,0.1
ESK.PA,Esker SA,1,1,0.1
BELI.PA,Le Belier,1,1,0.1
OSA.PA,Osiatis,1,1,0.1
CGD.PA,Cegid Group,1,1,0.1
MIL.PA,Millimages,1,1,0.1
OPEC.PA,OFI PRIVATE EQUITY,1,1,0.1
AUB.PA,Aubay Technology,1,1,0.1
CAS.PA,CAST SA,1,1,0.1
BND.PA,Business & Decision SA,1,1,0.1
TLC.PA,Telecom Reseaux Services,1,1,0.1
ALM.PA,Alpha MOS SA,1,1,0.1
UFF.PA,Union Fin. De France,1,1,0.1
LTAN.PA,Tanneur & Cie (Le),1,1,0.1
ALEMV.PA,Email Vision,1,1,0.1
03929.PA,Bollore SA,1,1,0.1
ALBIL.PA,Rentabiliweb Group,1,1,0.1
MLZAM.PA,ZCCM -B-,1,1,0.1
ALCLS.PA,Cellectis,1,1,0.1
ALFBA.PA,Fashion Bel Air,1,1,0.1
ALTEC.PA,Techniline,1,1,0.1
CNF.PA,Cred Ag Nord De France,1,1,0.1
ALVDI.PA,VDI Group,1,1,0.1
ALGUI.PA,Leguide com,1,1,0.1
SIPH.PA,Ste Internat Plants Heveas,1,1,0.1
ARG.PA,ARGAN,1,1,0.1
SCHP.PA,Seche Environnement,1,1,0.1
AKA.PA,Akka Technologies SA,1,1,0.1
OPN.PA,Groupe Open SA,1,1,0.1
CBSM.PA,Societe Centrale des Bois et Scieries de,1,1,0.1
MUL.PA,Index Multimedia SA,1,1,0.1
FEM.PA,Aufeminin.com SA,1,1,0.1
MLACA.PA,Acadomia,1,1,0.1
ALMED.PA,Medicrea International,1,1,0.1
PDJ.PA,Piscine Desjoyaux SA,1,1,0.1
GDS.PA,Generale De Sante,1,1,0.1
TIPA.PA,TEAM PARTNERS RGPT,1,1,0.1
NRO.PA,Neurones,1,1,0.1
MLPHW.PA,Phone Web SA,1,1,0.1
ALADV.PA,Adverline SA,1,1,0.1
GJAJ.PA,Groupe J.A.J,1,1,0.1
VETO.PA,Vetoquinol,1,1,0.1
ALREF.PA,HOLOSFIND,1,1,0.1
KEY.PA,Keyrus SA,1,1,0.1
MLCVN.PA,CERVIN ENR,1,1,0.1
MLVEL.PA,Velcan Energy,1,1,0.1
ALGOA.PA,GOADV,1,1,0.1
MLGAU.PA,Gaussin,1,1,0.1
RIS.PA,Softway Medical,1,1,0.1
BVD.PA,Belvedere SA,1,1,0.1
ERSC.PA,Eurosic,1,1,0.1
FMU.PA,Fonciere des Murs,1,1,0.1
ALHEO.PA,H2O INNOVATION,1,1,0.1
CGM.PA,Cegedim SA,1,1,0.1
EEM.PA,Elec & Eaux Madagascar,1,1,0.1
DCH.PA,Delachaux S.A,1,1,0.1
ASP.PA,Ast Groupe,1,1,0.1
MLEAS.PA,EASSON TELECOM,1,1,0.1
FIM.PA,Fimalac SA,1,1,0.1
ALXIR.PA,Xiring SA,1,1,0.1
IAM.PA,MAROC TELECOM,1,1,0.1
LNC.PA,Les Nouveaux Constructeurs Inc,1,1,0.1
TOUP.PA,Touax SA,1,1,0.1
LIN.PA,Linedata Services SA,1,1,0.1
AESCH.PA,AES Chemunex SA,1,1,0.1
MLONE.PA,Body One SA,1,1,0.1
VIA.PA,Groupe Vial,1,1,0.1
CEI.PA,Areva SA,1,1,0.1
ALMAS.PA,Mastrad,1,1,0.1
SII.PA,SII SA,1,1,0.1
PCA.PA,PCAS,1,1,0.1
EOS.PA,Acteos,1,1,0.1
ALMIC.PA,Microwave Vision,1,1,0.1
STF.PA,STEF TFE,1,1,0.1
ITL.PA,It Link,1,1,0.1
ALCSY.PA,Come and Stay,1,1,0.1
06267.PA,Groupe Gorge S.A.,1,1,0.1
ECASA.PA,ECA SA,1,1,0.1
TES.PA,Tessi SA,1,1,0.1
ATI.PA,Actia Group,1,1,0.1
HOL.PA,Hologram Industries SA,1,1,0.1
ALENT.PA,Entreparticuliers.Com,1,1,0.1
ALMDG.PA,MGI Digital Graphic Technology,1,1,0.1
BLC.PA,Bastide Le Confort Medica,1,1,0.1
SDG.PA,Synergie SA,1,1,0.1
PAOR.PA,Paris Orleans,1,1,0.1
HF.PA,HF Company SA,1,1,0.1
MLABC.PA,ABC ORTHODON N,1,1,0.1
CEN.PA,Groupe Crit SA,1,1,0.1
ALSDL.PA,DL SOFTWARE N.,1,1,0.1
MLCSP.PA,CN SUPER POWER SAVI,1,1,0.1
SPI.PA,Spir Communication SA,1,1,0.1
ALPWO.PA,Poweo SA,1,1,0.1
MLSTS.PA,STS Group,1,1,0.1
ROCA.PA,Rocamat,1,1,0.1
PROL.PA,PROLOGUE,1,1,0.1
CLAY.PA,Clayeux SA,1,1,0.1
SAR.PA,Systar SA,1,1,0.1
FII.PA,LISI SA,1,1,0.1
FLY.PA,Ste Fonciere Lyonnaise,1,1,0.1
MLVIS.PA,Visio Nerf,1,1,0.1
SRG.PA,FONC.6&7EME PARIS N,1,1,0.1
BOL.PA,Bollore SA,1,1,0.1
DNX.PA,DREAMNEX,1,1,0.1
ITE.PA,Itesoft SA,1,1,0.1
ALSAT.PA,Microwave Vision,1,1,0.1
NXTV.PA,Nextradiotv,1,1,0.1
MLIDS.PA,IDS,1,1,0.1
PRS.PA,Prismaflex International SA,1,1,0.1
MLVLT.PA,Voltalia,1,1,0.1
NRX.PA,Naturex SA,1,1,0.1
ES.PA,Esso (Francaise),1,1,0.1
ESI.PA,ESI Group SA,1,1,0.1
LPE.PA,Laurent Perrier SA,1,1,0.1
VRAP.PA,Vranken Pommery Monopole,1,1,0.1
MLBDM.PA,Bd Multimedia,1,1,0.1
SCDU.PA,Schaeffer Dufour,1,1,0.1
ALHPC.PA,Heurtey Petrochem,1,1,0.1
MLNEI.PA,News Invest,1,1,0.1
SX.PA,CS Communication et Systemes,1,1,0.1
03894.PA,** SEE<OPEC.PA>,1,1,0.1
SFCA.PA,Societe Francaise de Casinos,1,1,0.1
SPVX.PA,Selcodis SA,1,1,0.1
ENTC.PA,Entrepose Contracting SA,1,1,0.1
TFF.PA,Tonnellerie Francois freres,1,1,0.1
ALPRO.PA,Prodware,1,1,0.1
CGR.PA,Cegereal,1,1,0.1
EMG.PA,Euromedis Group,1,1,0.1
LNA.PA,Le Noble Age,1,1,0.1
CAFO.PA,Cafom SA,1,1,0.1
XIL.PA,Xilam Animation,1,1,0.1
COH.PA,Coheris SA,1,1,0.1
GECM.PA,Gecimed,1,1,0.1
OVG.PA,OVERLAP GROUPE REGR,1,1,0.1
ALMGI.PA,MG International,1,1,0.1
KORI.PA,Korian,1,1,0.1
SMTPC.PA,SMTPC,1,1,0.1
MLTEL.PA,Telemedia Group,1,1,0.1
ALTRI.PA,Trilogiq,1,1,0.1
ITS.PA,ITS Group,1,1,0.1
CCN.PA,Cred Ag De Normandie Seine,1,1,0.1
SDT.PA,Visiodent SA,1,1,0.1
CMD.PA,CMT Medical Technologies Ltd.,1,1,0.1
ALMEO.PA,Groupe Promeo,1,1,0.1
MLSEN.PA,Senior Planet,1,1,0.1
ALWAT.PA,Aerowatt,1,1,0.1
ALTRA.PA,TRAQUEUR,1,1,0.1
ALWEB.PA,Weborama,1,1,0.1
ALMIN.PA,MINDSCAPE,1,1,0.1
MRB.PA,Mr Bricolage SA,1,1,0.1
MLSEC.PA,Securinfor,1,1,0.1
ALNEX.PA,Nexeya S.A.,1,1,0.1
HCO.PA,High Co,1,1,0.1
ALANT.PA,ANTEVENIO R,1,1,0.1
PUS.PA,Public Systeme Hopscotch S.A.,1,1,0.1
AFO.PA,Afone SA,1,1,0.1
SEC.PA,Soditech Ingenierie,1,1,0.1
SFPI.PA,Fonciere Paris-France,1,1,0.1
VET.PA,Vet Affaires,1,1,0.1
GG.PA,Guyenne & Gascogne,1,1,0.1
COI.PA,United Anodisers S.A.,1,1,0.1
LDL.PA,ldlc.com SA,1,1,0.1
ALGFT.PA,Genfit,1,1,0.1
DBT.PA,Encres Dubuit SA,1,1,0.1
LEX.PA,Lexibook,1,1,0.1
OLG.PA,OL Groupe,1,1,0.1
MLJLM.PA,JMLD Ecologic Group,1,1,0.1
LOUP.PA,LDC SA,1,1,0.1
MAN.PA,Manutan International SA,1,1,0.1
ALCRM.PA,CRM Company,1,1,0.1
ALARK.PA,ARKOON NETWORK SEC.,1,1,0.1
DIG.PA,Digigram SA,1,1,0.1
018562.PA,Keyyo S.A.,1,1,0.1
BOZ.PA,Lanson-BCC S.A,1,1,0.1
MLMAT.PA,SIMAT,1,1,0.1
ALBUD.PA,Budget Telecom,1,1,0.1
GEA.PA,Gea (Grenobloise D'Electr,1,1,0.1
ALBRO.PA,BROSSARD,1,1,0.1
CIV.PA,Cred Ag Ille Et Villaine,1,1,0.1
TER.PA,Terreis,1,1,0.1
THEP.PA,Thermador Groupe,1,1,0.1
ALHOM.PA,HOMAIR,1,1,0.1
ODET.PA,Financiere De L'Odet,1,1,0.1
AVF.PA,Avenir Finance SA,1,1,0.1
MLICT.PA,IC TELECOM,1,1,0.1
MPE.PA,Mondial Peche,1,1,0.1
MLALT.PA,Altergaz,1,1,0.1
QUA.PA,Quantel SA,1,1,0.1
MLARC.PA,Arcoa,1,1,0.1
ALRIC.PA,Richel Serres De France,1,1,0.1
GND.PA,Norbert Dentressangle SA,1,1,0.1
MLINF.PA,Informatis Technology System,1,1,0.1
MLPFX.PA,Parfex SA,1,1,0.1
CTRG.PA,Catering International serv,1,1,0.1
DEQN.PA,Crosswood S.A.,1,1,0.1
ALOCT.PA,Octo Technology SA,1,1,0.1
ALDLS.PA,D.L.S.I.,1,1,0.1
MLVER.PA,Verney-Carron SA,1,1,0.1
ALPRI.PA,Press Index,1,1,0.1
TOU.PA,Toupargel Groupe,1,1,0.1
ALMIL.PA,1000mercis,1,1,0.1
CYB.PA,Cybergun SA,1,1,0.1
SELER.PA,Selectirente,1,1,0.1
BH.PA,Bongrain SA,1,1,0.1
MLFST.PA,TechnoFirst SA,1,1,0.1
INN.PA,Innelec Multimedia SA,1,1,0.1
MLFER.PA,Ferco Developpement,1,1,0.1
CFDR.PA,Cofidur SA,1,1,0.1
MLMOB.PA,MOBILEGOV FCE,1,1,0.1
ALP.PA,Adl Partner,1,1,0.1
ALTVO.PA,Evolis,1,1,0.1
MLGLX.PA,AGRIVOLT,1,1,0.1
ALIPS.PA,IPSOGEN,1,1,0.1
MLEO2.PA,EO2,1,1,0.1
BLEE.PA,BLEECKER,1,1,0.1
BAIN.PA,Bains de mer & Monaco,1,1,0.1
RICOP.PA,RICOH,1,1,0.1
CRAP.PA,Cred Ag Alpes Provence,1,1,0.1
RGR.PA,Rougier SA,1,1,0.1
HDP.PA,Les Hotels De Paris,1,1,0.1
JCQ.PA,Jacquet Metals SA,1,1,0.1
MLPGO.PA,P.G.O. Automobiles,1,1,0.1
CAF.PA,Cred Ag Ile De France,1,1,0.1
ALFRE.PA,Freelance.Com,1,1,0.1
GPE.PA,GPE Groupe Pizzorno Environnement,1,1,0.1
LCO.PA,Solucom SA,1,1,0.1
MLFCI.PA,F.C.I,1,1,0.1
JEAN.PA,Advini S.A.,1,1,0.1
EME.PA,Emme Interactive,1,1,0.1
GAIL.PA,BLEECKER,1,1,0.1
CMO.PA,Cred Ag Du Morbihan,1,1,0.1
IDSU.PA,Idsud SA,1,1,0.1
PSAT.PA,Passat SA,1,1,0.1
MLSIM.PA,Simo International SA,1,1,0.1
MLNEW.PA,Newtech Interactive SA,1,1,0.1
GID.PA,Egide SA,1,1,0.1
ALECT.PA,ECT Industries SA,1,1,0.1
PVL.PA,Plastiques du Val de Loire SA,1,1,0.1
AUGR.PA,Augros Cosmetic Packaging,1,1,0.1
LD.PA,Locindus SA,1,1,0.1
RE.PA,Colas SA,1,1,0.1
KEYYO.PA,Keyyo S.A.,1,1,0.1
ALAQU.PA,Aquila SA,1,1,0.1
MLPBJ.PA,MPBJ N.,1,1,0.1
ALHVS.PA,Harvest,1,1,0.1
ALSIM.PA,Assima Ltd.,1,1,0.1
OSI.PA,Ausy SA,1,1,0.1
MLFAC.PA,FACILASOL GROUP,1,1,0.1
ALNOR.PA,Normaction,1,1,0.1
SFT.PA,Soft Computing SA,1,1,0.1
EC.PA,Total Gabon,1,1,0.1
MLCOU.PA,COURBET N,1,1,0.1
MLCOR.PA,Corep Lighting,1,1,0.1
MLPAC.PA,Pacte Novation,1,1,0.1
ALVDM.PA,Voyageurs du Monde,1,1,0.1
AGTA.PA,Agta Record,1,1,0.1
CC.PA,CIC,1,1,0.1
ALHIT.PA,Hitechpros,1,1,0.1
OXYM.PA,Oxymetal SA,1,1,0.1
MLACR.PA,ACROPOLIS TELECOM,1,1,0.1
PHA.PA,Pharmagest Interactive SA,1,1,0.1
7833.PA,CCA International,1,1,0.1
LAF.PA,Lafuma SA,1,1,0.1
KMU.PA,Klemurs Sa,1,1,0.1
MCLC.PA,Mecelec SA,1,1,0.1
PHY.PA,Ales Groupe SA,1,1,0.1
FLE.PA,Fleury Michon SA,1,1,0.1
MLEVE.PA,Everset,1,1,0.1
MLFXO.PA,FINAXO ENVIRON. N,1,1,0.1
MLLOI.PA,Locasystem Intl,1,1,0.1
MLTFL.PA,Thomas Fleurs,1,1,0.1
ALDIE.PA,Dietswell SA,1,1,0.1
ALLOG.PA,Logic Instrument,1,1,0.1
MLGEO.PA,GEOREX N REGR.,1,1,0.1
EHO.PA,Epi,1,1,0.1
SABE.PA,Sabeton SA,1,1,0.1
MLBAT.PA,BATLA MINERALS,1,1,0.1
GANT.PA,Gantois,1,1,0.1
CRTO.PA,Cred Ag De La Touraine et Du Poitou,1,1,0.1
MLNMA.PA,NICOLA MIGUET REGPT,1,1,0.1
GBT.PA,Guerbet SA,1,1,0.1
FPF.PA,Fonciere Paris-France,1,1,0.1
ALAUT.PA,Auto Escape,1,1,0.1
MBRE.PA,MB Retail Europe,1,1,0.1
ALFPC.PA,FOUNTAINE PAJOT,1,1,0.1
BI.PA,Gascogne,1,1,0.1
ALSAS.PA,Stradim Espace Finances SA,1,1,0.1
MDG.PA,MaKheiA Group,1,1,0.1
PSB.PA,PSB Industries SA,1,1,0.1
BLOI.PA,Bernard Loiseau SA,1,1,0.1
GVLT.PA,Gevelot,1,1,0.1
COTT.PA,Cottin Freres,1,1,0.1
BRICO.PA,Bricorama SA,1,1,0.1
AEDI.PA,Aedian SA,1,1,0.1
MLQGC.PA,QUANTUM GENOMICS,1,1,0.1
ALMAE.PA,Maesa,1,1,0.1
MLDAM.PA,Damaris SA,1,1,0.1
MLSBT.PA,Scientific Brain Training,1,1,0.1
ALNFA.PA,NOTREFAMILLE.COM,1,1,0.1
662603.PA,Nortene SA,1,1,0.1
KAZI.PA,Orchestra Kazibao,1,1,0.1
ALI2S.PA,I2S,1,1,0.1
CIEM.PA,Marocaine (Compagnie),1,1,0.1
ORAP.PA,Orapi SA,1,1,0.1
ALDMO.PA,DEMOS,1,1,0.1
MLERO.PA,EuroLand Finance,1,1,0.1
CAMT.PA,Cred Ag De Toulouse Et Midi-Toulousain,1,1,0.1
MTG.PA,Metrologic Group,1,1,0.1
ALDOL.PA,Dolphin Integration SA,1,1,0.1
DUC.PA,DUC SA,1,1,0.1
AURS.PA,Aures Technologies,1,1,0.1
BUI.PA,Barbara Bui SA,1,1,0.1
LACR.PA,Lacroix SA,1,1,0.1
MLOLM.PA,Olmix SA,1,1,0.1
GUYD.PA,Guy Degrenne SA,1,1,0.1
ALTUR.PA,Turenne Investissement SCA,1,1,0.1
ALSPO.PA,Sporever,1,1,0.1
TVRB.PA,Televerbier,1,1,0.1
IGE.PA,IGE Xao,1,1,0.1
ALASS.PA,Assya Capital SA,1,1,0.1
TAYN.PA,Tayninh,1,1,0.1
MLCAC.PA,Lombard & Cie,1,1,0.1
CRLO.PA,Cred Ag De La Loire-Haute-Loire,1,1,0.1
IGF.PA,Gifi SA,1,1,0.1
ALTEV.PA,Environnement SA,1,1,0.1
MLMAD.PA,Made,1,1,0.1
ALPRV.PA,Proservia,1,1,0.1
MLDYN.PA,Dynafond,1,1,0.1
ALBFR.PA,Sidetrade,1,1,0.1
PERR.PA,Gerard Perrier Industrie SA,1,1,0.1
SIRA.PA,Siraga,1,1,0.1
MLVST.PA,TELEVISTA,1,1,0.1
ALGEM.PA,EUROGERM,1,1,0.1
MLNEY.PA,Neyrial Haute Technologie SA,1,1,0.1
ORG.PA,Orgasynth SA,1,1,0.1
THER.PA,Thermocompact,1,1,0.1
CCA.PA,CCA International,1,1,0.1
CRLA.PA,CRCAM LANGUEDOC,1,1,0.1
INEA.PA,Fonciere Inea,1,1,0.1
VMMA.PA,VM Materiaux SA,1,1,0.1
INF.PA,Infotel SA,1,1,0.1
ALIMO.PA,GROUPIMO N.,1,1,0.1
MGIC.PA,MGI Coutier SA,1,1,0.1
DLTA.PA,Delta Plus Group SA,1,1,0.1
MLINV.PA,Innov'Ia SA,1,1,0.1
UGRP.PA,Medea France,1,1,0.1
MLMET.PA,Metaphora,1,1,0.1
SAMS.PA,Samse SA,1,1,0.1
SIX.PA,Siparex Croissance,1,1,0.1
MLTHE.PA,EASYTHERM,1,1,0.1
MLFAS.PA,Fasson AG,1,1,0.1
MLTEH.PA,Techni CN,1,1,0.1
RBT.PA,Robertet SA,1,1,0.1
EXE.PA,Exel Industries,1,1,0.1
IMDA.PA,Immobiliere Dassault SA,1,1,0.1
COM.PA,CNIM,1,1,0.1
CRAV.PA,Cred Ag De L'Atlantique Vendee,1,1,0.1
MLWTT.PA,WT,1,1,0.1
MLREX.PA,Rexan SA,1,1,0.1
JET.PA,Societe Financiere de Communication et d,1,1,0.1
MLCES.PA,Cesam SA,1,1,0.1
BUR.PA,Burelle SA,1,1,0.1
ERMO.PA,Ermo,1,1,0.1
CAL.PA,Intercall SA,1,1,0.1
MLIMP.PA,Imprimerie Chirat SA,1,1,0.1
MLUKA.PA,GROUPE UNIKA,1,1,0.1
MLGAI.PA,GAI N.,1,1,0.1
SCDV.PA,Securidev SA,1,1,0.1
MLAMY.PA,ARTHUR MAURY,1,1,0.1
QTE.PA,Quotium Technologies SA,1,1,0.1
ELEC.PA,Electricite De Strasbourg,1,1,0.1
SPEL.PA,Fonciere Volta,1,1,0.1
MLNSI.PA,NSI,1,1,0.1
EURS.PA,Fonciere Euris SA,1,1,0.1
FDL.PA,Fonciere Development Logements FDL,1,1,0.1
HREG.PA,Hotel Regina,1,1,0.1
MLGEI.PA,General Recyclage SA,1,1,0.1
MLPHT.PA,PHONOMENE TELECOM N,1,1,0.1
TONN.PA,Tonna Electro.,1,1,0.1
SUPR.PA,Supra SA,1,1,0.1
MLNRG.PA,** SEE<MLGEP.PA>,1,1,0.1
SAMP.PA,Sam,1,1,0.1
MLGFP.PA,Groupe Fructa Partner SA,1,1,0.1
MLQUD.PA,Novamex,1,1,0.1
LBON.PA,Lebon,1,1,0.1
ALSTA.PA,Staff And Line,1,1,0.1
BERR.PA,Fiebm,1,1,0.1
DAR.PA,Damartex SA,1,1,0.1
IDIP.PA,Le Groupe Idi,1,1,0.1
MLTAI.PA,TAI,1,1,0.1
CRSU.PA,Cred Ag Sud Rhone Alpes,1,1,0.1
SY.PA,Salvepar SA,1,1,0.1
MLVOP.PA,VOPIUM,1,1,0.1
ALTA.PA,Altarea SA,1,1,0.1
MLATV.PA,A Toute Vitesse,1,1,0.1
SOA.PA,Sodifrance,1,1,0.1
KIND.PA,Kindy SA,1,1,0.1
AM.PA,Dassault Aviation SA,1,1,0.1
MLNEO.PA,Neocom Multimedia,1,1,0.1
ALCLA.PA,Clasquin Group SA,1,1,0.1
GSP.PA,Groupe Go Sport(ex Courir),1,1,0.1
018582.PA,Dolphin Integration SA,1,1,0.1
DYT.PA,Dynaction SA,1,1,0.1
MLPRW.PA,Prowebce,1,1,0.1
RINV.PA,PERNOD RICARD E10,1,1,0.1
VRNL.PA,Verneuil Participations SA,1,1,0.1
ACI.PA,ACCES INDUSTR RGPT.,1,1,0.1
ADA.PA,Ada SA,1,1,0.1
MLPRI.PA,NATL.PROPRIET.IMM.N,1,1,0.1
ALOBR.PA,Ober SA,1,1,0.1
ALMFL.PA,GP MONCEAU FLEURS,1,1,0.1
4490.PA,Intercall SA,1,1,0.1
MLEUC.PA,Global Equities Capital Markets,1,1,0.1
NSGP.PA,NSC Groupe SA,1,1,0.1
ALORO.PA,OROLIA,1,1,0.1
ALNEO.PA,Neotion,1,1,0.1
MLMOR.PA,Moria SA,1,1,0.1
NOVNR.PA,Anovo S.A.,1,1,0.1
MLJSA.PA,JSA TECHNOLOGY,1,1,0.1
DELF.PA,Delfingen Industry SA,1,1,0.1
ULDV.PA,Ulric de Varens SA,1,1,0.1
MLTMS.PA,TMS,1,1,0.1
BQRE.PA,Banque de la Reunion SA,1,1,0.1
MLEDS.PA,EDITIONS SIGNE N,1,1,0.1
CYBX.PA,Cybernetix SA,1,1,0.1
GIRO.PA,Signaux Girod SA,1,1,0.1
MLHOT.PA,HOTELIM N,1,1,0.1
EDI.PA,Media 6 SA,1,1,0.1
MLTCO.PA,TRANS CONS.INLT N.,1,1,0.1
IMMP.PA,SIIC De Paris,1,1,0.1
MLFLI.PA,Flip Technology,1,1,0.1
7307.PA,Cartoplast SA,1,1,0.1
SOCM.PA,Fonciere Massena,1,1,0.1
MLADM.PA,Admea,1,1,0.1
MLETA.PA,METALLIANCE,1,1,0.1
MLAST.PA,Temeris S.A.,1,1,0.1
MLCRY.PA,Cryonic Medical SA,1,1,0.1
SO.PA,Somfy International Sa,1,1,0.1
TRNO.PA,Banque Tarneaud SA,1,1,0.1
FNTS.PA,Finatis (Ex Loca Invest),1,1,0.1
MLKER.PA,KERTEL N.,1,1,0.1
MLGRC.PA,Groupe Carnivor,1,1,0.1
ALPTC.PA,PROVENTEC PLC,1,1,0.1
ADEN.PA,ADENCLASSIFIEDS,1,1,0.1
MLLEM.PA,Lecteurs Du Monde,1,1,0.1
CARP.PA,Carpinienne Participations,1,1,0.1
MLTED.PA,Telecom Design,1,1,0.1
TIPI.PA,Tipiak SA,1,1,0.1
SOG.PA,Sogeclair SA,1,1,0.1
BSHO.PA,Siic De Paris 8ème,1,1,0.1
MLVES.PA,VESTASIA,1,1,0.1
PREC.PA,Precia SA,1,1,0.1
TNFN.PA,Technofan SA,1,1,0.1
MLSTR.PA,Streit Industries SA,1,1,0.1
INFE.PA,Indus & Finance D'Entreprise,1,1,0.1
MLTRC.PA,Les Trois Chênes,1,1,0.1
CFCL.PA,CFCAL Banques,1,1,0.1
CFTM.PA,Cofitem Cofimur,1,1,0.1
GIL.PA,Groupe Guillin SA,1,1,0.1
MLBIO.PA,MONTAIGNE DIRECT N,1,1,0.1
MLTRO.PA,Troc de l'Ile SA,1,1,0.1
MLSEL.PA,Selsi,1,1,0.1
MLCMB.PA,CIE MONT-BLANC N,1,1,0.1
MLSAT.PA,INFOSAT,1,1,0.1
STAL.PA,Installux S.A,1,1,0.1
FAYE.PA,Faience de Sarreguemines Digoin,1,1,0.1
DPAM.PA,Docks Petroles Ambes,1,1,0.1
AMA.PA,Camaieu SA,1,1,0.1
ALSER.PA,Serma Technologies,1,1,0.1
MLHBB.PA,FIN HOCHE BAINS N,1,1,0.1
FOAF.PA,FIN OUEST AFRIC,1,1,0.1
ALMER.PA,SAPMER,1,1,0.1
GAM.PA,Gaumont SA,1,1,0.1
06147.PA,MB Retail Europe,1,1,0.1
MLWAN.PA,WORLD ART NET,1,1,0.1
SPRIC.PA,FONCIERE SEPRIC,1,1,0.1
ALINN.PA,Millet Innovation,1,1,0.1
GRVO.PA,Graines Voltz SA,1,1,0.1
MLACO.PA,A & Co,1,1,0.1
FED.PA,Fedon,1,1,0.1
MLFTC.PA,FORGES TRIE CHAT.N,1,1,0.1
FBEL.PA,Fromageries Bel,1,1,0.1
ALSTW.PA,STREAMWIDE,1,1,0.1
MALT.PA,Malteries Franco-Belges S.A.,1,1,0.1
MLSAF.PA,Société Africaine Forestière Agricole,1,1,0.1
MLCNT.PA,Consort NT,1,1,0.1
MLSOA.PA,SOLABIOS N,1,1,0.1
ALAST.PA,ASTELLIA N,1,1,0.1
CHSR.PA,Chausseria,1,1,0.1
NERG.PA,Nergeco,1,1,0.1
DP.PA,IRDNORDPASDECALAIS,1,1,0.1
MLSRP.PA,Speed Rabbit Pizza SA,1,1,0.1
ALHUA.PA,HUACHENG REAL EST.,1,1,0.1
MLTTI.PA,TTI,1,1,0.1
THAR.PA,Tharreau Industries SA,1,1,0.1
MLLYP.PA,Lyon Poche Presse,1,1,0.1
CPT.PA,Completel Europe Nv,1,1,0.1
EXAC.PA,Exacompta Clairefontaine SA,1,1,0.1
ALCNP.PA,CNPV,1,1,0.1
HCL.PA,Huis Clos,1,1,0.1
GREV.PA,Musee Grevin SA,1,1,0.1
MLDIG.PA,Digitech,1,1,0.1
POUJ.PA,Poujoulat,1,1,0.1
FFBE.PA,Fonciere R-Paris,1,1,0.1
MLBOC.PA,Bois Et Chiffons,1,1,0.1
ORIA.PA,Fiducial Real Estate,1,1,0.1
PAR.PA,PAREF,1,1,0.1
FORE.PA,FORET EQUATORIALE/R,1,1,0.1
SPV.PA,Sucriere De Pithiviers Le,1,1,0.1
FEL.PA,Fonciere Europe Logistique,1,1,0.1
MLBQA.PA,BIOQUANTA,1,1,0.1
ITXT.PA,Intexa,1,1,0.1
DEVR.PA,Devernois S.A,1,1,0.1
MLNCO.PA,Nicomatic,1,1,0.1
MLOPM.PA,Optimark,1,1,0.1
TVLY.PA,Tivoly SA,1,1,0.1
RLL.PA,Radiall SA,1,1,0.1
CHAU.PA,Parisienne De Chauffage,1,1,0.1
PRDF.PA,Prodef Sa,1,1,0.1
GEOF.PA,Cofigeo,1,1,0.1
MLKIM.PA,Kimoce,1,1,0.1
CARPD.PA,CPD RGPT.,1,1,0.1
CIMB.PA,Compagnie Immobiliere Betelgeuse,1,1,0.1
MLORE.PA,OREGE,1,1,0.1
EXPL.PA,Explosifs & Produits,1,1,0.1
MLEXX.PA,Exxonmobil Chemical Sa,1,1,0.1
MLPOL.PA,POL ROGER N,1,1,0.1
UNBL.PA,Unibel,1,1,0.1
GPDF.PA,Groupe Diffusion Plus SA,1,1,0.1
MLHYE.PA,HYDRO EXPLOITA,1,1,0.1
MLCHP.PA,Christian Potier Sa,1,1,0.1
MLMED.PA,Meubles Delias SA,1,1,0.1
FREY.PA,FREY,1,1,0.1
BCRA.PA,Baccarat SA,1,1,0.1
PTER.PA,PLANT TERRES ROUGES,1,1,0.1
EBPF.PA,FIEBM PF,1,1,0.1
FCMC.PA,Fermiere Casinos de Cannes,1,1,0.1
ALPGG.PA,Piscines Groupe GA,1,1,0.1
GARD.PA,Biscuits Gardeil,1,1,0.1
AGCR.PA,Agricole De La Crau,1,1,0.1
MLVIA.PA,Viapresse,1,1,0.1
JBOG.PA,Jacques Bogart,1,1,0.1
MLUMH.PA,UN MET.HTE-SEINE N,1,1,0.1
MLCOP.PA,Lundin International SA,1,1,0.1
GDMS.PA,Grands Moulins De Strasbourg,1,1,0.1
MLALC.PA,Alcion Group,1,1,0.1
MLCAB.PA,MOTOCAB,1,1,0.1
ALIVT.PA,L'Inventoriste,1,1,0.1
MLEDR.PA,EAUX ROYAN N,1,1,0.1
SOFR.PA,Sofragi,1,1,0.1
MLCJS.PA,CJS Plv,1,1,0.1
MLHIN.PA,SHIN N,1,1,0.1
MLHOP.PA,PIM N,1,1,0.1
MRM.PA,MRM SA,1,1,0.1
BDAL.PA,Bricodeal,1,1,0.1
MLECO.PA,ECOLUTIONS,1,1,0.1
MLPAR.PA,PARTICIPEX N,1,1,0.1
MLCEC.PA,CECURITY COM N.,1,1,0.1
MLEAV.PA,EAVS,1,1,0.1
MLHOD.PA,Holy-Dis SA,1,1,0.1
MLPLC.PA,PLACOPLATRE N,1,1,0.1
BCAM.PA,BRASSERIES CAMEROUN,1,1,0.1
MLGAS.PA,Leon Gas SA,1,1,0.1
MLWIL.PA,WILLEME N,1,1,0.1
MLCFI.PA,CHINA FOREST INDUST,1,1,0.1
COUR.PA,Courtois Sa,1,1,0.1
MLLCA.PA,LCA France,1,1,0.1
MLGLG.PA,LEISURE GROUP,1,1,0.1
ARTO.PA,Artois (Ind & Financier),1,1,0.1
SACI.PA,Fiducial Office Solutions,1,1,0.1
CBDG.PA,Cambodge (Cie Du),1,1,0.1
MLEAU.PA,EAUX DE DOUAI N,1,1,0.1
BOAF.PA,BRASS.OUESTAFRICAIN,1,1,0.1
FATL.PA,Fonciere Atland Act,1,1,0.1
LAGB.PA,Lagardere Active Broadcast,1,1,0.1
MLARI.PA,ARION ENTS.,1,1,0.1
MLASI.PA,SIPEA N,1,1,0.1
MLCFM.PA,Credit Foncier de Monaco SA,1,1,0.1
LEBL.PA,Fonciere 7 Investissement S.A.,1,1,0.1
FROM.PA,Altareit S.A.,1,1,0.1
SICA.PA,Sical SA,1,1,0.1
MONC.PA,Moncey (Financiere),1,1,0.1
MLIPP.PA,IMM PAR PERLE N,1,1,0.1
MLLEO.PA,Entreprise Generale Leon Gross,1,1,0.1
ALVEN.PA,VENTOS,1,1,0.1
MALA.PA,Grand Marnier,1,1,0.1
MLCFD.PA,CHEMINS FER DEPT N,1,1,0.1
DOLY.PA,Docks Lyonnais Sa,1,1,0.1
VERM.PA,Vermandoise De Sucreries,1,1,0.1
FALA.PA,Fala Sa,1,1,0.1
MLTEK.PA,Technoflex,1,1,0.1
MLFRC.PA,FRANCE CHAUFFAGE N,1,1,0.1
MLCTA.PA,CTA HOLDING N,1,1,0.1
MLMAB.PA,MAIS ANTOINE BAUD N,1,1,0.1
MLRIV.PA,GPE RIVALIS,1,1,0.1
MLSOL.PA,SOLIA,1,1,0.1
MLSEA.PA,SEMAS N,1,1,0.1
MLOBE.PA,Obea,1,1,0.1
MLEST.PA,EST REPUBLICAIN N,1,1,0.1
FIPP.PA,FIPP,1,1,0.1
MLTRA.PA,TRAMWAYS ROUEN N,1,1,0.1
MLHMC.PA,HOT MAJES.CANNES N,1,1,0.1
LDA.PA,Aldeta SA,1,1,0.1
MLCHE.PA,CHEOPS TECH. FCE,1,1,0.1
MAIR.PA,Henri Maire,1,1,0.1
MLCRO.PA,CROSSLOG,1,1,0.1
MLPFI.PA,Parfininco,1,1,0.1
MLOPT.PA,Optimus,1,1,0.1
DRN.PA,DURAN  CAP. ZERO,1,1,0.1
MLROC.PA,ROCTOOL,1,1,0.1
MLUNI.PA,Uniross,1,1,0.1
MLDEB.PA,DEBUSCHERE N,1,1,0.1
MLOTI.PA,OPTI-TIME,1,1,0.1
VIM.PA,Provimi SA,1,1,0.1
001021434.PA,GDF SAL.FR GAZ CPT,1,1,0.1
ALCCO.PA,CHINA CORN OIL,1,1,0.1
MLABO.PA,TOUTABO,1,1,0.1
MLSEB.PA,SEBDO ENR,1,1,0.1
MLCTL.PA,CAR TELEMATICS N.,1,1,0.1
001020850.PA,GDF PP EXON DDG N.A,1,1,0.1
ALCTX.PA,CORTIX,1,1,0.1
SLCO.PA,Selcodis SA,1,1,0.1
MLFMM.PA,MARTIN MAUREL FIN N,1,1,0.1
STIL.PA,STILFONT.GOLD MNG.,1,1,0.1
MLTEC.PA,TECNIMODERN AUTOM N,1,1,0.1
MLTIS.PA,PROMETIS N.,1,1,0.1
MLJVG.PA,JV Groupe Sa,1,1,0.1
MLBIK.PA,BIKE EXPAND,1,1,0.1
EUROD.PA,EURO DISNEY N,1,1,0.1
MLTHA.PA,THANNB. &CIE,1,1,0.1
MLRIG.PA,RIGHT PEOPLE TECH,1,1,0.1
FRNV.PA,VALEO E10,1,1,0.1
MLCRP.PA,Clinique Du Rd Pt Chps Elys,1,1,0.1
MLPLA.PA,PROMENS N,1,1,0.1
DLAM.PA,Duc Lamothe Participations,1,1,0.1
MLLCS.PA,LOCASOLOG N,1,1,0.1
MLTDS.PA,VILLA PARC SAUJON N,1,1,0.1
MLOFF.PA,CARDS OFF,1,1,0.1
MLVOX.PA,VOXAN SCCM,1,1,0.1
MLCHA.PA,CHAMARRE,1,1,0.1
MLGOL.PA,GOLOG HOLDING,1,1,0.1
OROS.PA,OROSDI,1,1,0.1
MLMAI.PA,MAISONS AUJOURD'HUI,1,1,0.1
MLNOF.PA,Novalia Francecegines,1,1,0.1
MLCVG.PA,TRAMWAYS VAR GARD N,1,1,0.1
MLTRS.PA,TRSB GROUPE,1,1,0.1
MLZTA.PA,ZETA BIOTECH,1,1,0.1
MLFDD.PA,SOFRADECOR N,1,1,0.1
MLEDU.PA,SMBG N.,1,1,0.1
MLTEB.PA,Techni Bureau,1,1,0.1
MLENR.PA,Entreprendre,1,1,0.1
MLROU.PA,Rousselet Centrifugation SA,1,1,0.1
MLRAM.PA,Raphael Michel,1,1,0.1
SFBS.PA,Sofibus SA,1,1,0.1
MLCOA.PA,DIST.AUTOM.RHONE N,1,1,0.1
MLSET.PA,SETIMEG N,1,1,0.1
006192.PA,BOLLORE PF N,1,1,0.1
IPBM.PA,IPBM SA,1,1,0.1
DOLL.PA,DOLLFUS MIEG N,1,1,0.1
001021432.PA,GDF DISPO. ATT.1/2,1,1,0.1
MLSNP.PA,SNCF PARTICIPAT. N.,1,1,0.1
GNI.PA,Cred Ag De L' Aquitaine,1,1,0.1
MLLEX.PA,Lexbase,1,1,0.1
MLIMI.PA,IMM INDOCHINE N,1,1,0.1
TRD.PA,Trader Classified Media Nv,1,1,0.1
MLEDI.PA,Edip Communication,1,1,0.1
MLGRD.PA,Groupe Dupuy,1,1,0.1
752298.PA,TAYNINH N,1,1,0.1
DRDP.PA,DRD GOLD C10,1,1,0.1
DRRP.PA,DRD GOLD C25,1,1,0.1
DRRC.PA,DRD GOLD C5,1,1,0.1
CAR.PA,Carrere Group SA,1,1,0.1
MLAMB.PA,Ambio France,1,1,0.1
MLMAX.PA,Finatech Entreprises,1,1,0.1
MLSCO.PA,Scorpa SA,1,1,0.1
MLNOV.PA,Novatech Industries,1,1,0.1
MLPIS.PA,Piscinelle,1,1,0.1
INIT.PA,Initiative & Finance Inv,1,1,0.1
ACANV.PA,ACANTHE DEV. E10,1,1,0.1
MLARL.PA,Arialcom SA,1,1,0.1
IMHO.PA,Immobiliere Hoteliere,1,1,0.1
005408.PA,SIPAREX PRIM.FID.O,1,1,0.1
MLTEA.PA,TEAM N,1,1,0.1
MLGKO.PA,Geckomedia,1,1,0.1
ALLMR.PA,Lamarthe,1,1,0.1
12042.PA,Elf Aquitaine SA,1,1,0.1
MLALG.PA,Algos Network,1,1,0.1
MLARD.PA,ARDOIN AMAND N-A-,1,1,0.1
MLLOO.PA,Look Voyages SA,1,1,0.1
FAUV.PA,Fauvet Girel,1,1,0.1
MLSTN.PA,ST NICOLAS N,1,1,0.1
MLPRX.PA,PROXIMANIA,1,1,0.1
MLCOI.PA,Cogifrance,1,1,0.1
MLCHT.PA,CTM (Chaudron Tuyau Maint),1,1,0.1
MLACC.PA,Access2net,1,1,0.1
MLIVR.PA,Irene Van Ryb,1,1,0.1
MLCOM.PA,Compobaie SA,1,1,0.1
EX1.PA,Vivendi,1,1,0.1
TCHNR.PA,Technicolor,1,1,0.1
GA1.PA,GDF Suez,1,1,0.1
AVE.PA,Sanofi-Aventis SA,1,1,0.1
AFA.PA,Air France-KLM,1,1,0.1
795009.PA,LAFARGE PF N,1,1,0.1
DF1.PA,Electricite de France,1,1,0.1
EDEN.PA,EDENRED,1,1,0.1
TCH.PA,TECHNICOLOR RGPT,1,1,0.1
419919.PA,AIR LIQUIDE PF N.,1,1,0.1
10783940.PA,AIR LIQUIDE PDF 12,1,1,0.1
OXI.PA,Oxis International,1,1,0.1
EI.PA,Essilor Intl,1,1,0.1
NSCFR001GMP4.PA,MOTORS LIQ,1,1,0.1
7248.PA,Valtech SA,1,1,0.1
MTLQ.PA,MOTORS LIQ,1,1,0.1
HG.PA,HARMONY GOLD MINING,1,1,0.1
419726.PA,SEB PF N.,1,1,0.1
ALVOD.PA,VIDEO FUTUR EG,1,1,0.1
CFAO.PA,CFAO,1,1,0.1
ATA.PA,ATARI RGPT,1,1,0.1
TNPLC.PA,TNU -S-,1,1,0.1
MDCA.PA,MEDICA,1,1,0.1
MLSML.PA,SMALTO,1,1,0.1
CA8584971003.PA,Stelax,1,1,0.1
ALAGR.PA,AGROGENERATION,1,1,0.1
HSB.PA,Hsbc Holdings,1,1,0.1
PAT.PA,Patrimoine et Commerce S.A.,1,1,0.1
ALCAR.PA,CARMAT,1,1,0.1
PERW.PA,La Perla World,1,1,0.1
ALCER.PA,Cerep SA,1,1,0.1
RUSAL.PA,UTD CO SP GDR REG-S,1,1,0.1
ALLOY.PA,Loyaltouch S.A.,1,1,0.1
MRN.PA,Mersen S.A.,1,1,0.1
MLGEP.PA,GLOBAL ECOPOWER,1,1,0.1
CAM.PA,Cameleon Software S.A.,1,1,0.1
GNE.PA,General Electric,1,1,0.1
RTZ.PA,Rio Tinto Plc,1,1,0.1
ALEUP.PA,Europlasma,1,1,0.1
MLDUR.PA,DRDGOLD,1,1,0.1
NYX.PA,NYSE EURONEXT,1,1,0.1
10855409.PA,ZCI,1,1,0.1
MLLEA.PA,LEADERLEASE,1,1,0.1
GB7789391.PA,Poweo SA,1,1,0.1
SLB.PA,Schlumberger Ltd.,1,1,0.1
MLPHO.PA,PHOTONIKE,1,1,0.1
ADE.PA,Adecco Sa,1,1,0.1
ALBRS.PA,BIONERSIS,1,1,0.1
MLALO.PA,ALLO FRANCE,1,1,0.1
KSA.PA,Kesa Electricals,1,1,0.1
FSOR.PA,Fiat Spa,1,1,0.1
10230933.PA,VALE SP ADR,1,1,0.1
10683053.PA,MERCK,1,1,0.1
UNM.PA,Universal Multimedia SA,1,1,0.1
MRK.PA,MERCK,1,1,0.1
VA.PA,ANGLOGOLD ASHANTI,1,1,0.1
ALPHY.PA,Ales Groupe SA,1,1,0.1
PM.PA,PHILIP MRRS INT,1,1,0.1
AB.PA,AB SCIENCE,1,1,0.1
GOE.PA,Groupe Gorge S.A.,1,1,0.1
FORDP.PA,Ford Motor Co.,1,1,0.1
ALNEV.PA,NEOVACS,1,1,0.1
DOWCP.PA,Dow Chemical,1,1,0.1
ALGOW.PA,LET'S GOWEX,1,1,0.1
VALE3.PA,VALE SP ADR,1,1,0.1
DGE.PA,Diageo,1,1,0.1
ALDEI.PA,DEINOVE,1,1,0.1
MLNSW.PA,NEW STAR WORLDWIDE,1,1,0.1
MLSIA.PA,SIANLI INTL HDG,1,1,0.1
MLGES.PA,GREEN ENER.4 SEAS.,1,1,0.1
UAS.PA,United Anodisers S.A.,1,1,0.1
ITT.PA,Itt Corporation,1,1,0.1
6158.PA,Siparex Croissance,1,1,0.1
CATR.PA,Caterpillar,1,1,0.1
ALMCI.PA,MERCI PLUS GPE,1,1,0.1
MLPOI.PA,POIRAY  JOALLIER,1,1,0.1
ALEUA.PA,EURASIA GRPE,1,1,0.1
AML.PA,Atmel Corp.,1,1,0.1
DUPP.PA,Du Pont (Ei) De Nemours P-A,1,1,0.1
MLGE.PA,Global Equities Capital Markets,1,1,0.1
MLHKW.PA,HK WUSEJIE GRP,1,1,0.1
ADVI.PA,Advini S.A.,1,1,0.1
MLCLA.PA,GROUPE CLAF,1,1,0.1
MLAGR.PA,AGRIVOLT,1,1,0.1
CLF.PA,CLIFFS NATURAL RES,1,1,0.1
LAN.PA,Lanson-BCC S.A,1,1,0.1
MLMAY.PA,MAYINLAY JEWELLERY,1,1,0.1
MLMVR.PA,MVR,1,1,0.1
ALSEQ.PA,MaKheiA Group,1,1,0.1
FTN11.PA,FRANCE TELECOM E10,1,1,0.1
ALS30.PA,PC30,1,1,0.1
OLIN.PA,Nortene SA,1,1,0.1
PGP.PA,Procter & Gamble,1,1,0.1
MLSIS.PA,GPE CASPERA,1,1,0.1
CAPNR.PA,Carrefour Property Development,1,1,0.1
MLREW.PA,REWORLD,1,1,0.1
CAT31.PA,Cred Ag De Toulouse Et Midi-Toulousain,1,1,0.1
MLWIN.PA,CHINA MOWIN HLDGS,1,1,0.1
ALKEY.PA,Keyyo S.A.,1,1,0.1
ALINT.PA,INTEGRADEN,1,1,0.1
MLVAN.PA,VANEXPORT,1,1,0.1
ALSOL.PA,CUSTOM SOLUTIONS,1,1,0.1
MLKIN.PA,FUDAKIN,1,1,0.1
CBE.PA,ROBERTET CI E87,1,1,0.1
PRE.PA,Partner Re Ltd,1,1,0.1
ALWED.PA,WEDIA,1,1,0.1
MLART.PA,ARTSNET,1,1,0.1
MLWEY.PA,WEYA,1,1,0.1
GB4178431.PA,CASINO GP ADP,1,1,0.1
MLIML.PA,Imalliance Sa,1,1,0.1
CFI.PA,CFI-Compagnie Fonciere Intl S.A.,1,1,0.1
MLAIR.PA,AIR KIT,1,1,0.1
MLGIT.PA,ORNIS,1,1,0.1
MLKRI.PA,KRIEF GP,1,1,0.1
MLGPE.PA,GLE PROTECT.EUR.N,1,1,0.1
IDF.PA,ID Future S.A.,1,1,0.1
MLPAT.PA,PATS,1,1,0.1
MLMGL.PA,MAGILLEM DES.SRVCES,1,1,0.1
MLIPY.PA,IPERNITY ORG,1,1,0.1
ALWEK.PA,WEKA ENTERTAIN.,1,1,0.1
MLDEX.PA,DEBFLEX,1,1,0.1
MLAAE.PA,CAIRE,1,1,0.1
MLACP.PA,ACEP FRANCE,1,1,0.1
MLYAN.PA,YANGAROO,1,1,0.1
OXYDS.PA,OXYMETAL SR 09,1,1,0.1
1278N.PA,XAG/AAB CT,1,1,0.1
LTADS.PA,LE TANNEUR SR 09,1,1,0.1
AQ.PA,Elf Aquitaine SA,1,1,0.1
LODS.PA,HT LOUER PSR 10,1,1,0.1
3378B.PA,BSKT/BNP CT,1,1,0.1
MLHYD.PA,HYDRAULIQUE PB N,1,1,0.1
MLPRO.PA,Proval,1,1,0.1
MLFIN.PA,FINANCIAL N,1,1,0.1
MLMAS.PA,Master Finance SA,1,1,0.1
509371.PA,SADE N,1,1,0.1
MLSUE.PA,Superfute,1,1,0.1
FSPR.PA,FIAT PRIV.,1,1,0.1
MLEDD.PA,EDITIONS DIDIER N,1,1,0.1
133678.PA,TRANSMISSIONS,1,1,0.1
QS0010997060.PA,EAGLE BRAND HLDGS,1,1,0.1
BPLC.PA,BP Plc,1,1,0.1
CDIQ4.PA,CHRISTIAN DIOR REPO,1,1,0.1
KFR.PA,Kingfisher,1,1,0.1
ARDO.PA,ARDOIN N PRIOR-B-,1,1,0.1
1906Z.PA,NIKKEI/COBA P-WT08,1,1,0.1
MDICA.PA,Medica,1,1,0.1
MLKDP.PA,KDP Groupe,1,1,0.1
SUQ4.PA,SCHNEIDER ELECTRIC SA,1,1,0.1
HAMDS.PA,HAMMERSON 09 SR,1,1,0.1
TCHDS.PA,TECHNICOLOR PSR 10,1,1,0.1
